title,authors,abstract,submission_date,pdf_link
"arXiv:2604.07129 [ pdf , ps , other ]","['Elsa Cardoso-Bihlo', 'Alex Bihlo']","Numerical simulation of wave propagation and run-up is a cornerstone of coastal engineering and tsunami hazard assessment. However, applying these forward models to inverse problems, such as bathymetry estimation, source inversion, and structural optimization, remains notoriously difficult due to the rigidity and high computational cost of deriving discrete adjoints. In this paper, we introduce AegirJAX, a fully differentiable hydrodynamic solver based on the depth-integrated, non-hydrostatic shallow-water equations. By implementing the solver entirely within a reverse-mode automatic differentiation framework, AegirJAX treats the time-marching physics loop as a continuous computational graph. We demonstrate the framework's versatility across a suite of scientific machine learning tasks: (1) discovering regime-specific neural corrections for model misspecifications in highly dispersive wave propagation; (2) performing continuous topology optimization for breakwater design; (3) training recurrent neural networks in-the-loop for active wave cancellation; and (4) inverting hidden bathymetry and submarine landslide kinematics directly from downstream sensor data. The proposed differentiable paradigm fundamentally blurs the line between forward simulation and inverse optimization, offering a unified, end-to-end framework for coastal hydrodynamics. △ Less","8 April, 2026",https://arxiv.org/pdf/2604.07129
"arXiv:2604.06980 [ pdf , ps , other ]","['Lantian Zhang', 'Bo Wahlberg', 'Silun Zhang']","This paper concerns the adaptive control problem for a class of nonlinear stochastic systems in which the state update is given by a nonlinear function of linear dynamics plus additive stochastic noise. Such systems arise in a wide range of applications, including recurrent neural networks , social dynamics, and signal processing. Despite their importance, adaptive control for these systems remains relatively unexplored in the literature. This gap is primarily due to the inherently nonconvex dependence of the system dynamics on unknown parameters, which significantly complicates both controller design and analysis. To address these challenges, we propose an online nonlinear weighted least-squares (WLS)-based parameter estimation algorithm and establish the global strong consistency of the resulting parameter estimates. In contrast to most existing results, our consistency analysis does not rely on restrictive assumptions such as persistent excitation conditions of the trajectory data, making it applicable to stochastic adaptive control settings. Building on the proposed estimator, we further develop an adaptive control algorithm with an attenuating excitation signal that can effectively combine adaptive estimation and feedback control. Finally, we are able to show that the resulting closed-loop system is globally stable and that the system trajectory can track, in a long-run average sense, the reference trajectory generated with the true system parameters. The proposed methods and theoretical results are finally validated through simulations in two nonlinear interaction network applications. △ Less","8 April, 2026",https://arxiv.org/pdf/2604.06980
"arXiv:2604.06469 [ pdf , ps , other ]","['Mahdi Moghaddami', 'Mohammad-Reza Siadat', 'Austin Toma', 'Connor Laming', 'Huirong Fu']","Alzheimer's disease (AD) is a neurodegenerative disorder that affects more than seven million people in the United States alone. AD currently has no cure, but there are ways to potentially slow its progression if caught early enough. In this study, we propose a graph neural network (GNN)-based model for predicting whether a subject will transition to a more severe stage of cognitive impairment at their next clinical visit. We consider three stages of cognitive impairment in order of severity: cognitively normal (CN), mild cognitive impairment (MCI), and AD. We use functional connectivity graphs derived from resting-state functional magnetic resonance imaging (rs-fMRI) scans of 303 subjects, each with a different number of visits. Our GNN-based model incorporates a recurrent neural network (RNN) block, enabling it to process data from the subject's entire visit history. It can also work with irregular time gaps between visits by incorporating visit distance information into our input features. Our model demonstrates robust predictive performance, even with missing visits in the subjects' visit histories. It achieves an accuracy of 82.9%, with an especially impressive accuracy of 68.8% on CN to MCI conversions - a task that poses a substantial challenge in the field. Our results highlight the effectiveness of rs-fMRI in predicting the onset of MCI or AD and, in conjunction with other modalities, could offer a viable method for enabling timely interventions to slow the progression of cognitive impairment. △ Less","7 April, 2026",https://arxiv.org/pdf/2604.06469
"arXiv:2604.03444 [ pdf , ps , other ]","['William Merrill', 'Yanhong Li', 'Tyler Romero', 'Anej Svete', 'Caia Costello', 'Pradeep Dasigi', 'Dirk Groeneveld', 'David Heineman', 'Bailey Kuehl', 'Nathan Lambert', 'Chuan Li', 'Kyle Lo', 'Saumya Malik', 'DJ Matusz', 'Benjamin Minixhofer', 'Jacob Morrison', 'Luca Soldaini', 'Finbarr Timbers', 'Pete Walsh', 'Noah A. Smith', 'Hannaneh Hajishirzi', 'Ashish Sabharwal']","Recent work has demonstrated the potential of non-transformer language models, especially linear recurrent neural networks (RNNs) and hybrid models that mix recurrence and attention. Yet there is no consensus on whether the potential benefits of these new architectures justify the risk and effort of scaling them up. To address this, we provide evidence for the advantages of hybrid models over pure transformers on several fronts. First, theoretically, we show that hybrid models do not merely inherit the expressivity of transformers and linear RNNs, but can express tasks beyond both, such as code execution. Putting this theory to practice, we train Olmo Hybrid, a 7B-parameter model largely comparable to Olmo 3 7B but with the sliding window layers replaced by Gated DeltaNet layers. We show that Olmo Hybrid outperforms Olmo 3 across standard pretraining and mid-training evaluations, demonstrating the benefit of hybrid models in a controlled, large-scale setting. We find that the hybrid model scales significantly more efficiently than the transformer, explaining its higher performance. However, its unclear why greater expressivity on specific formal problems should result in better scaling or superior performance on downstream tasks unrelated to those problems. To explain this apparent gap, we return to theory and argue why increased expressivity should translate to better scaling efficiency, completing the loop. Overall, our results suggest that hybrid models mixing attention and recurrent layers are a powerful extension to the language modeling paradigm: not merely to reduce memory during inference, but as a fundamental way to obtain more expressive models that scale better during pretraining. △ Less","7 April, 2026",https://arxiv.org/pdf/2604.03444
"arXiv:2604.02474 [ pdf , ps , other ]",['Jonathon Hirschi'],"Dynamical systems describe how a physical system evolves over time. Physical processes can evolve faster or slower in different environmental conditions. We use time-warping as rescaling the time in a model of a physical system. This thesis proposes a new method of transfer learning for Recurrent Neural Networks (RNNs) based on time-warping. We prove that for a class of linear, first-order differential equations known as time lag models, an LSTM can approximate these systems with any desired accuracy, and the model can be time-warped while maintaining the approximation accuracy.
  The Time-Warping method of transfer learning is then evaluated in an applied problem on predicting fuel moisture content (FMC), an important concept in wildfire modeling. An RNN with LSTM recurrent layers is pretrained on fuels with a characteristic time scale of 10 hours, where there are large quantities of data available for training. The RNN is then modified with transfer learning to generate predictions for fuels with characteristic time scales of 1 hour, 100 hours, and 1000 hours. The Time-Warping method is evaluated against several known methods of transfer learning. The Time-Warping method produces predictions with an accuracy level comparable to the established methods, despite modifying only a small fraction of the parameters that the other methods modify. △ Less","2 April, 2026",https://arxiv.org/pdf/2604.02474
"arXiv:2604.02201 [ pdf , ps , other ]","['Maude Lizaire', 'Michael Rizvi-Martel', 'Éric Dupuis', 'Guillaume Rabusseau']","The benefits of depth in feedforward neural networks are well known: composing multiple layers of linear transformations with nonlinear activations enables complex computations. While similar effects are expected in recurrent neural networks (RNNs), it remains unclear how depth interacts with recurrence to shape expressive power. Here, we formally show that depth increases RNNs' memory capacity efficiently with respect to the number of parameters, thus enhancing expressivity both by enabling more complex input transformations and improving the retention of past information. We broaden our analysis to 2RNNs, a generalization of RNNs with multiplicative interactions between inputs and hidden states. Unlike RNNs, which remain linear without nonlinear activations, 2RNNs perform polynomial transformations whose maximal degree grows with depth. We further show that multiplicative interactions cannot, in general, be replaced by layerwise nonlinearities. Finally, we validate these insights empirically on synthetic and real-world tasks. △ Less","2 April, 2026",https://arxiv.org/pdf/2604.02201
"arXiv:2604.00119 [ pdf , ps , other ]","['Anand Gokhale', 'Anton V. Proskurnikov', 'Yu Kawano', 'Francesco Bullo']","This paper studies contractivity of firing-rate and Hopfield recurrent neural networks . We derive sharp LMI conditions on the synaptic matrices that characterize contractivity of both architectures, for activation functions that are either non-expansive or monotone non-expansive, in both continuous and discrete time. We establish structural relationships among these conditions, including connections to Schur diagonal stability and the recovery of optimal contraction rates for symmetric synaptic matrices. We demonstrate the utility of these results through two applications. First, we develop an LMI-based design procedure for low-gain integral controllers enabling reference tracking in contracting firing rate networks. Second, we provide an exact parameterization of weight matrices that guarantee contraction and use it to improve the expressivity of Implicit Neural Networks, achieving competitive performance on image classification benchmarks with fewer parameters. △ Less","31 March, 2026",https://arxiv.org/pdf/2604.00119
"arXiv:2603.29597 [ pdf , ps , other ]","['Claus Metzner', 'Achim Schilling', 'Andreas Maier', 'Thomas Kinfe', 'Patrick Krauss']","Reservoirs, typically implemented as recurrent neural networks with fixed random connection weights, can be combined with a simple trained readout layer to perform a wide range of computational tasks. However, increasing the magnitude of reservoir connection weights to exploit nonlinear dynamics can cause the network to develop strong spontaneous activity that drives neurons into saturation, dramatically degrading performance. In this work, we investigate two distinct countermeasures against such runaway excitation. The first approach introduces a subtle non-homogeneous structure into the matrix of connection weigths $w_{ij}$, without altering the overall probability distribution $p(w)$. We identify several favorable structuring principles, such as creating a small subset of neurons with weaker-than-average input connections. Even if the rest of the reservoir falls into runaway saturating behavior, this weakly coupled subset remains in a mildly nonlinear regime whose dynamics can still be exploited by the readout layer. The second approach implements a form of automatic gain control, in which a dedicated control unit dynamically regulates the reservoir's average global activation toward an optimal setpoint. Although the control unit modulates the excitability of the reservoir only via a global gain factor, this mechanism substantially enlarges the dynamical regime favorable for computation and renders performance largely independent of the underlying connection statistics. △ Less","31 March, 2026",https://arxiv.org/pdf/2603.29597
"arXiv:2603.29298 [ pdf , ps , other ]","['Soumyadip Hazra', 'Sraboni Dey', 'Arijit Kayal', 'Narendra Shah', 'Renjith Nadarajan', 'Joy Mitra']","Wrinkles and nanobubbles are an integral and often unavoidable part of integrating 2D van der Waals semiconductors into actual device architectures. Despite their ubiquitous nature, quantitative correlation between such spatially non-uniform strain and modifications to the local electronic structure remains challenging. Here, density functional theory is combined with a recurrent neural network to reconstruct the local electronic structure of monolayer MoS2 from strain maps derived from atomic force microscopy (AFM) topography and Raman spectral maps. The analysis reveals that biaxial bending induced strain is significantly more effective than both uniaxial bending or in-plane strain in modifying electronic and dielectric properties. A ~ 0.35% strain induced by biaxial bending results in ~ 22% reduction in band gap and ~ 7% increase in dielectric constant, compared to a ~ 5% reduction in band gap and ~ 1% increase in dielectric constant under comparable uniaxial bending. The modified band structure reveals band edge states that concentrate charge in regions of high curvature or strain. While conductive AFM measurements indicate increased local conductance (carrier density) at wrinkles and nanobubbles, the spatial band gap maps predicted by the model are validated against experimental photoluminescence peak energy maps. The results indicate that strained features like wrinkles and nanobubbles commonly present in real devices influence the band gap, carrier distribution, and dielectric response, which favourably affects electrical transport in such systems. The framework developed here can be readily extended to other 2D materials and heterostructures, offering a computationally efficient route for studying and exploiting strain effects. △ Less","31 March, 2026",https://arxiv.org/pdf/2603.29298
"arXiv:2603.27492 [ pdf , ps , other ]","['Yizhe Li', 'Shixiao Wang', 'Jian K. Liu']","Motor kinematics prediction (MKP) from electroencephalography (EEG) is an important research area for developing movement-related brain-computer interfaces (BCIs). While traditional methods often rely on convolutional neural networks (CNNs) or recurrent neural networks (RNNs), Transformer-based models have shown strong ability in modeling long sequential EEG data. In this study, we propose a CNN-attention hybrid model for decoding hand kinematics from EEG during grasp-and-lift tasks, achieving strong performance in within-subject experiments. We further extend this approach to EEG-EMG multimodal decoding, which yields substantially improved results. Within-subject tests achieve PCC values of 0.9854, 0.9946, and 0.9065 for the X, Y, and Z axes, respectively, computed on the midpoint trajectory between the thumb and index finger, while cross-subject tests result in 0.9643, 0.9795, and 0.5852. The decoded trajectories from both modalities are then used to control a Franka Panda robotic arm in a MuJoCo simulation. To enhance trajectory fidelity, we introduce a copilot framework that filters low-confidence decoded points using a motion-state-aware critic within a finite-state machine. This post-processing step improves the overall within-subject PCC of EEG-only decoding to 0.93 while excluding fewer than 20% of the data points. △ Less","28 March, 2026",https://arxiv.org/pdf/2603.27492
"arXiv:2603.27186 [ pdf , ps , other ]","['Yun Tian', 'Guili Wang', 'Jian Bi', 'Kaixin Han', 'Chenglu Wu', 'Zhiyi Lu', 'Chenhao Li', 'Liangwang Sun', 'Minyu Zhou', 'Chenchen Xu']","Accurate prediction of lithium-ion battery remaining useful life (RUL) is essential for reliable health monitoring and data-driven analysis of battery degradation. However, the robustness and generalization capabilities of existing RUL prediction models are significantly challenged by complex operating conditions and limited data availability. To address these limitations, this study proposes a hybrid deep learning model, CDFormer, which integrates convolutional neural networks, deep residual shrinkage networks, and Transformer encoders extract multiscale temporal features from battery measurement signals, including voltage, current, and capacity. This architecture enables the joint modeling of local and global degradation dynamics, effectively improving the accuracy of RUL prediction.To enhance predictive reliability, a composite temporal data augmentation strategy is proposed, incorporating Gaussian noise, time warping, and time resampling, explicitly accounting for measurement noise and variability. CDFormer is evaluated on two real-world datasets, with experimental results demonstrating its consistent superiority over conventional recurrent neural network -based and Transformer-based baselines across key metrics. By improving the reliability and predictive performance of RUL prediction from measurement data, CDFormer provides accurate and reliable forecasts, supporting effective battery health monitoring and data-driven maintenance strategies. △ Less","28 March, 2026",https://arxiv.org/pdf/2603.27186
"arXiv:2603.27134 [ pdf , ps , other ]",['John Schwarcz'],"Are there still barriers to generalization once all relevant variables are known? We address this question via a framework that casts compositional generalization as a variational inference problem over latent variables with parametric interactions. To explore this, we develop the Cognitive Gridworld, a stationary Partially Observable Markov Decision Process (POMDP) where observations are generated jointly by multiple latent variables, yet feedback is provided for only a single goal variable. This setting allows us to define Semantic Interaction Information (SII): a metric measuring the contribution of latent variable interactions to task performance. Using SII, we analyze Recurrent Neural Networks (RNNs) provided with these interactions, finding that SII explains the accuracy gap between Echo State and Fully Trained networks. Our analysis also uncovers a theoretically predicted failure mode where confidence decouples from accuracy, suggesting that utilizing interactions between relevant variables is a non-trivial capability.
  We then address a harder regime where the interactions must be learned by an embedding model. Learning how latent variables interact requires accurate inference, yet accurate inference depends on knowing those interactions. The Cognitive Gridworld reveals this circular dependence as a core challenge for continual meta-learning. We approach this dilemma via Representation Classification Chains (RCCs), a JEPA-style architecture that disentangles these processes: variable inference and variable embeddings are learned by separate modules through Reinforcement Learning and self-supervised learning, respectively. Lastly, we demonstrate that RCCs facilitate compositional generalization to novel combinations of relevant variables. Together, these results establish a grounded setting for evaluating goal-directed generalist agents. △ Less","1 April, 2026",https://arxiv.org/pdf/2603.27134
"arXiv:2603.26506 [ pdf , ps , other ]","['Timothy Doyeon Kim', 'Ulises Pereira-Obilinovic', 'Yiliu Wang', 'Eric Shea-Brown', 'Uygar Sümbül']","Connectivity structure shapes neural computation, but inferring this structure from population recordings is degenerate: multiple connectivity structures can generate identical dynamics. Recent work uses low-rank recurrent neural networks (lrRNNs) to infer low-dimensional latent dynamics and connectivity structure from observed activity, enabling a mechanistic interpretation of the dynamics. However, standard approaches for training lrRNNs can recover spurious structures irrelevant to the underlying dynamics. We first characterize the identifiability of connectivity structures in lrRNNs and determine conditions under which a unique solution exists. Then, to find such solutions, we develop an inference framework based on maximum entropy and continuous normalizing flows (CNFs), trained via flow matching. Instead of estimating a single connectivity matrix, our method learns the maximally unbiased distribution over connection weights consistent with observed dynamics. This approach captures complex yet necessary distributions such as heavy-tailed connectivity found in empirical data. We validate our method on synthetic datasets with connectivity structures that generate multistable attractors, limit cycles, and ring attractors, and demonstrate its applicability in recordings from rat frontal cortex during decision-making. Our framework shifts circuit inference from recovering connectivity to identifying which connectivity structures are computationally required, and which are artifacts of underconstrained inference. △ Less","27 March, 2026",https://arxiv.org/pdf/2603.26506
"arXiv:2603.25574 [ pdf , ps , other ]","['Daniele Ravasio', 'Claudia Sbardi', 'Marcello Farina', 'Andrea Ballarino']","This paper proposes a physics-informed learning framework for a class of recurrent neural networks tailored to large-scale and networked systems. The approach aims to learn control-oriented models that preserve the structural and stability properties of the plant. The learning algorithm is formulated as a convex optimisation problem, allowing the inclusion of linear matrix inequality constraints to enforce desired system features. Furthermore, when the plant exhibits structural modularity, the resulting optimisation problem can be parallelised, requiring communication only among neighbouring subsystems. Simulation results show the effectiveness of the proposed approach. △ Less","26 March, 2026",https://arxiv.org/pdf/2603.25574
"arXiv:2603.24466 [ pdf , ps , other ]","['Mary Joe Medlej', 'Rahul Srinivasan', 'Simon Prunet', 'Aziz Ziad', 'Christophe Giordano']","Optical turbulence, driven by fluctuations of the atmospheric refractive index, poses a significant challenge to ground-based optical systems, as it distorts the propagation of light. This degradation affects both astronomical observations and free-space optical communications. While adaptive optics systems correct turbulence effects in real-time, their reactive nature limits their effectiveness under rapidly changing conditions, underscoring the need for predictive solutions. In this study, we address the problem of short-term turbulence forecasting by leveraging machine learning models to predict the atmospheric seeing parameter up to two hours in advance. We compare statistical and deep learning approaches, with a particular focus on probabilistic models that not only produce accurate forecasts but also quantify predictive uncertainty, crucial for robust decision-making in dynamic environments. Our evaluation includes Gaussian processes (GP) for statistical modeling, recurrent neural networks (RNNs) and long short-term memory networks (LSTMs) as deterministic baselines, and our novel implementation of a normalizing flow for time series (FloTS) as a flexible probabilistic deep learning method. All models are trained exclusively on historical seeing data, allowing for a fair performance comparison. We show that FloTS achieves the best overall balance between predictive accuracy and well-calibrated uncertainty. △ Less","25 March, 2026",https://arxiv.org/pdf/2603.24466
"arXiv:2603.24343 [ pdf , ps , other ]","['Yupei Li', 'Shuaijie Shao', 'Manuel Milling', 'Björn Schuller']","Current audio deepfake detection has achieved remarkable performance using diverse deep learning architectures such as ResNet, and has seen further improvements with the introduction of large models (LMs) like Wav2Vec. The success of large language models (LLMs) further demonstrates the benefits of scaling model parameters, but also highlights one bottleneck where performance gains are constrained by parameter counts. Simply stacking additional layers, as done in current LLMs, is computationally expensive and requires full retraining. Furthermore, existing low-rank adaptation methods are primarily applied to attention-based architectures, which limits their scope. Inspired by the neuronal plasticity observed in mammalian brains, we propose novel algorithms, dropin and further plasticity, that dynamically adjust the number of neurons in certain layers to flexibly modulate model parameters. We evaluate these algorithms on multiple architectures, including ResNet, Gated Recurrent Neural Networks , and Wav2Vec. Experimental results using the widely recognised ASVSpoof2019 LA, PA, and FakeorReal dataset demonstrate consistent improvements in computational efficiency with the dropin approach and a maximum of around 39% and 66% relative reduction in Equal Error Rate with the dropin and plasticity approach among these dataset, respectively. The code and supplementary material are available at Github link. △ Less","26 March, 2026",https://arxiv.org/pdf/2603.24343
"arXiv:2603.23814 [ pdf , ps , other ]","['Gustave Bainier', 'Antoine Chaillet', 'Rodolphe Sepulchre', 'Alessio Franci']","The fading-memory (FM) property captures the progressive loss of influence of past inputs on a system's current output and has originally been formalized by Boyd and Chua in an operator-theoretic framework. Despite its importance for systems approximation, reservoir computing, and recurrent neural networks , its connection with state-space notions of nonlinear stability, especially incremental ones, remains understudied. This paper introduces a state-space definition of FM. In state-space, FM can be interpreted as an extension of incremental input-to-output stability ($δ$IOS) that explicitly incorporates a memory kernel upper-bounding the decay of past input differences. It is also closely related to Boyd and Chua's FM definition, with the sole difference of requiring uniform, instead of general, continuity of the memory functional with respect to an input-fading norm. We demonstrate that incremental input-to-state stability ($δ$ISS) implies FM semi-globally for time-invariant systems under an equibounded input assumption. Notably, Boyd and Chua's approximation theorems apply to delta-ISS state-space models. As a closing application, we show that, under mild assumptions, the state-space model of current-driven memristors possess the FM property. △ Less","24 March, 2026",https://arxiv.org/pdf/2603.23814
"arXiv:2603.22469 [ pdf , ps , other ]","['Danilo Saccani', 'Luca Furieri', 'Giancarlo Ferrari-Trecate']","The growing complexity of modern control tasks calls for controllers that can react online as objectives and disturbances change, while preserving closed-loop stability. Recent approaches for improving the performance of nonlinear systems while preserving closed-loop stability rely on time-invariant recurrent neural - network controllers, but offer no principled way to update the controller during operation. Most importantly, switching from one stabilizing policy to another can itself destabilize the closed-loop. We address this problem by introducing a stability-preserving update mechanism for nonlinear, neural-network-based controllers. Each controller is modeled as a causal operator with bounded $\ell_p$-gain, and we derive gain-based conditions under which the controller may be updated online. These conditions yield two practical update schemes, time-scheduled and state-triggered, that guarantee the closed-loop remains $\ell_p$-stable after any number of updates. Our analysis further shows that stability is decoupled from controller optimality, allowing approximate or early-stopped controller synthesis. We demonstrate the approach on nonlinear systems with time-varying objectives and disturbances, and show consistent performance improvements over static and naive online baselines while guaranteeing stability. △ Less","23 March, 2026",https://arxiv.org/pdf/2603.22469
"arXiv:2603.22325 [ pdf , ps , other ]","['Leon Lufkin', 'Tomás Figliolia', 'Beren Millidge', 'Kamesh Krishnamurthy']","Recurrent neural networks (RNNs) and self-attention are both widely used sequence-mixing layers that maintain an internal memory. However, this memory is constructed using two orthogonal mechanisms: RNNs compress the entire past into a fixed-size state, whereas self-attention's state stores every past time step growing its state (the KV cache) linearly with the sequence length. This results in orthogonal strengths and weaknesses. Self-attention layers excel at retrieving information in the context but have large memory and computational costs, while RNNs are more efficient but degrade over longer contexts and underperform for precise recall tasks. Prior work combining these mechanisms has focused primarily on naively interleaving them to reduce computational cost without regard to their complementary mechanisms. We propose the Hybrid Associative Memory (HAM) layer, which combines self-attention and RNNs while leveraging their individual strengths: the RNN compresses the entire sequence, while attention supplements it *only* with information that is difficult for the RNN to predict, which is hence the most valuable information to explicitly store. HAM layers enable data-dependent growth of the KV cache, which can be precisely controlled by the user with a single, continuous threshold. We find that this fine-grained control of the KV cache growth rate has a smooth trade-off with loss and performance. Empirically, we show that our hybrid architecture offers strong, competitive performance relative to RNNs and Transformers even at substantially lower KV-cache usage. △ Less","26 March, 2026",https://arxiv.org/pdf/2603.22325
"arXiv:2603.22323 [ pdf , ps , other ]","['Chenhan Wang', 'Zhengyi Bao', 'Huipin Lin', 'Jiahao Nie', 'Chunxiang Zhu']","Accurately predicting the state-of-health (SOH) and remaining useful life (RUL) of lithium-ion batteries is crucial for ensuring the safe and efficient operation of electric vehicles while minimizing associated risks. However, current deep learning methods are limited in their ability to selectively extract features and model time dependencies for these two parameters. Moreover, most existing methods rely on traditional recurrent neural networks , which have inherent shortcomings in long-term time-series modeling. To address these issues, this paper proposes a multi-task targeted learning framework for SOH and RUL prediction, which integrates multiple neural networks, including a multi-scale feature extraction module, an improved extended LSTM, and a dual-stream attention module. First, a feature extraction module with multi-scale CNNs is designed to capture detailed local battery decline patterns. Secondly, an improved extended LSTM network is employed to enhance the model's ability to retain long-term temporal information, thus improving temporal relationship modeling. Building on this, the dual-stream attention module-comprising polarized attention and sparse attention to selectively focus on key information relevant to SOH and RUL, respectively, by assigning higher weights to important features. Finally, a many-to-two mapping is achieved through the dual-task layer. To optimize the model's performance and reduce the need for manual hyperparameter tuning, the Hyperopt optimization algorithm is used. Extensive comparative experiments on battery aging datasets demonstrate that the proposed method reduces the average RMSE for SOH and RUL predictions by 111.3\% and 33.0\%, respectively, compared to traditional and state-of-the-art methods. △ Less","20 March, 2026",https://arxiv.org/pdf/2603.22323
"arXiv:2603.19599 [ pdf , ps , other ]","['Guangyin Jin', 'Xiaohan Ni', 'Yanjie Song', 'Kun Wei', 'Jie Zhao', 'Leiming Jia', 'Witold Pedrycz']","With society entering the Internet era, the volume and speed of data and information have been increasing. Predicting the popularity of information cascades can help with high-value information delivery and public opinion monitoring on the internet platforms. The current state-of-the-art models for predicting information popularity utilize deep learning methods such as graph convolution networks (GCNs) and recurrent neural networks (RNNs) to capture early cascades and temporal features to predict their popularity increments. However, these previous methods mainly focus on the micro features of information cascades, neglecting their general macroscopic patterns. Furthermore, they also lack consideration of the impact of information heterogeneity on spread popularity. To overcome these limitations, we propose a physics-informed neural network with adaptive clustering learning mechanism, PIACN, for predicting the popularity of information cascades. Our proposed model not only models the macroscopic patterns of information dissemination through physics-informed approach for the first time but also considers the influence of information heterogeneity through an adaptive clustering learning mechanism. Extensive experimental results on three real-world datasets demonstrate that our model significantly outperforms other state-of-the-art methods in predicting information popularity. △ Less","19 March, 2026",https://arxiv.org/pdf/2603.19599
"arXiv:2603.18497 [ pdf , ps , other ]",['Quilee Simeon'],"Inferring the connectivity of neural circuits from incomplete observations is a fundamental challenge in neuroscience. We present a covariance-based method for estimating the weight matrix of a recurrent neural network from sparse, partial measurements across multiple recording sessions. By accumulating pairwise covariance estimates across sessions where different subsets of neurons are observed, we reconstruct the full connectivity matrix without requiring simultaneous recording of all neurons. A Granger-causality refinement step enforces biological constraints via projected gradient descent. Through systematic experiments on synthetic networks modeling small brain circuits, we characterize a fundamental control-estimation tradeoff: stimulation aids identifiability but disrupts intrinsic dynamics, with the optimal level depending on measurement density. We discover that the ``incorrect'' linear approximation acts as implicit regularization -- outperforming the oracle estimator with known nonlinearity at all operating regimes -- and provide an exact characterization via the Stein--Price identity. △ Less","19 March, 2026",https://arxiv.org/pdf/2603.18497
"arXiv:2603.17137 [ pdf , ps , other ]","['Sahel Vahedi Noori', 'Bin Hu', 'Geir Dullerud', 'Peter Seiler']","This paper presents a new dynamic integral quadratic constraint (IQC) for the repeated Rectified Linear Unit (ReLU). These dynamic IQCs can be used to analyze stability and induced $\ell_2$-gain performance of discrete-time, recurrent neural networks (RNNs) with ReLU activation functions. These analysis conditions can be incorporated into learning-based controller synthesis methods, which currently rely on static IQCs. We show that our proposed dynamic IQCs for repeated ReLU form a superset of the dynamic IQCs for repeated, slope-restricted nonlinearities. We also prove that the $\ell_2$-gain bounds are nonincreasing with respect to the horizon used in the dynamic IQC filter. A numerical example using a simple (academic) RNN shows that our proposed IQCs lead to less conservative bounds than existing IQCs. △ Less","17 March, 2026",https://arxiv.org/pdf/2603.17137
"arXiv:2603.16850 [ pdf , ps , other ]",['Xavier Gonzalez'],"Massively parallel hardware (GPUs) and long sequence data have made parallel algorithms essential for machine learning at scale. Yet dynamical systems, like recurrent neural networks and Markov chain Monte Carlo, were thought to suffer from sequential bottlenecks. Recent work showed that dynamical systems can in fact be parallelized across the sequence length by reframing their evaluation as a system of nonlinear equations, which can be solved with Newton's method using a parallel associative scan. However, these parallel Newton methods struggled with limitations, primarily inefficiency, instability, and lack of convergence guarantees. This thesis addresses these limitations with methodological and theoretical contributions, drawing particularly from optimization. Methodologically, we develop scalable and stable parallel Newton methods, based on quasi-Newton and trust-region approaches. The quasi-Newton methods are faster and more memory efficient, while the trust-region approaches are significantly more stable. Theoretically, we unify many fixed-point methods into our parallel Newton framework, including Picard and Jacobi iterations. We establish a linear convergence rate for these techniques that depends on the method's approximation accuracy and stability. Moreover, we give a precise condition, rooted in dynamical stability, that characterizes when parallelization provably accelerates a dynamical system and when it cannot. Specifically, the sign of the Largest Lyapunov Exponent of a dynamical system determines whether or not parallel Newton methods converge quickly. In sum, this thesis unlocks scalable and stable methods for parallelizing sequential computation, and provides a firm theoretical basis for when such techniques will and will not work. This thesis also serves as a guide to parallel Newton methods for researchers who want to write the next chapter in this ongoing story. △ Less","17 March, 2026",https://arxiv.org/pdf/2603.16850
"arXiv:2603.15440 [ pdf , ps , other ]","['Sachin Prajuli', 'Abhishek Karna', 'OmPrakash Dhakl']","Automatic music genre classification is a long-standing challenge in Music Information Retrieval (MIR); work on non-Western music traditions remains scarce. Nepali music encompasses culturally rich and acoustically diverse genres--from the call-and-response duets of Lok Dohori to the rhythmic poetry of Deuda and the distinctive melodies of Tamang Selo--that have not been addressed by existing classification systems. In this paper, we construct a novel dataset of approximately 8,000 labeled 30-second audio clips spanning eight Nepali music genres and conduct a systematic comparison of nine classification models across two paradigms. Five classical machine learning classifiers (Logistic Regression, SVM, KNN, Random Forest, and XGBoost) are trained on 51 hand-crafted audio features extracted via Librosa, while four deep learning architectures (CNN, RNN, parallel CNN-RNN, and sequential CNN followed by RNN) operate on Mel spectrograms of dimension 640 x 128. Our experiments reveal that the sequential Convolutional Recurrent Neural Network (CRNN)--in which convolutional layers feed into an LSTM--achieves the highest accuracy of 84%, substantially outperforming both the best classical models (Logistic Regression and XGBoost, both at 71%) and all other deep architectures. We provide per-class precision, recall, F1-score, confusion matrices, and ROC analysis for every model, and offer a culturally grounded interpretation of misclassification patterns that reflects genuine overlaps in Nepal's musical traditions. △ Less","16 March, 2026",https://arxiv.org/pdf/2603.15440
"arXiv:2603.14360 [ pdf , ps , other ]","['Mayank Mishra', 'Shawn Tan', 'Ion Stoica', 'Joseph Gonzalez', 'Tri Dao']","Transformers are highly parallel but are limited to computations in the TC$^0$ complexity class, excluding tasks such as entity tracking and code execution that provably require greater expressive power. Motivated by this limitation, we revisit non-linear Recurrent Neural Networks (RNNs) for language modeling and introduce Matrix-to-Matrix RNN (M$^2$RNN): an architecture with matrix-valued hidden states and expressive non-linear state transitions. We demonstrate that the language modeling performance of non-linear RNNs is limited by their state size. We also demonstrate how the state size expansion mechanism enables efficient use of tensor cores. Empirically, M$^2$RNN achieves perfect state tracking generalization at sequence lengths not seen during training. These benefits also translate to large-scale language modeling. In hybrid settings that interleave recurrent layers with attention, Hybrid M$^2$RNN outperforms equivalent Gated DeltaNet hybrids by $0.4$-$0.5$ perplexity points on a 7B MoE model, while using $3\times$ smaller state sizes for the recurrent layers. Notably, replacing even a single recurrent layer with M$^2$RNN in an existing hybrid architecture yields accuracy gains comparable to Hybrid M$^2$RNN with minimal impact on training throughput. Further, the Hybrid Gated DeltaNet models with a single M$^2$RNN layer also achieve superior long-context generalization, outperforming state-of-the-art hybrid linear attention architectures by up to $8$ points on LongBench. Together, these results establish non-linear RNN layers as a compelling building block for efficient and scalable language models. △ Less","15 March, 2026",https://arxiv.org/pdf/2603.14360
"arXiv:2603.14106 [ pdf , ps , other ]","['Stefano De Carli', 'Davide Previtali', 'Mirko Mazzoleni', 'Fabio Previdi']","Gated Recurrent Neural Networks (RNNs) are widely used for nonlinear system identification due to their high accuracy, although they often exhibit complex, chaotic dynamics that are difficult to analyze. This paper investigates the system-theoretic properties of the Chaos-Free Network (CFN), an architecture originally proposed to eliminate the chaotic behavior found in standard gated RNNs. First, we formally prove that the CFN satisfies Input-to-State Stability (ISS) by design. However, we demonstrate that ensuring Incremental ISS (delta-ISS) still requires specific parametric constraints on the CFN architecture. Then, to address this, we introduce the Decoupled-Gate Network (DGN), a novel structural variant of the CFN that removes internal state connections in the gating mechanisms. Finally, we prove that the DGN unconditionally satisfies the delta-ISS property, providing an incrementally stable architecture for identifying nonlinear dynamical systems without requiring complex network training modifications. Numerical results confirm that the DGN maintains the modeling capabilities of standard architectures while adhering to these rigorous stability guarantees. △ Less","14 March, 2026",https://arxiv.org/pdf/2603.14106
"arXiv:2603.13982 [ pdf , ps , other ]","['Aimilios Leftheriotis', 'Dimosthenis Masouros', 'Dimitrios Soudris', 'George Theodoridis']","Recurrent Neural Networks (RNNs) are vital for sequential data processing. Long Short-Term Memory Autoencoders (LSTM-AEs) are particularly effective for unsupervised anomaly detection in time-series data. However, inherent sequential dependencies limit parallel computation. While previous work has explored FPGA-based acceleration for LSTM networks, efforts have typically focused on optimizing a single LSTM layer at a time. We introduce a novel FPGA-based accelerator using a dataflow architecture that exploits temporal parallelism for concurrent multi-layer processing of different timesteps within sequences. Experimental evaluations on four representative LSTM-AE models with varying widths and depths, implemented on a Zynq UltraScale+ MPSoC FPGA, demonstrate significant advantages over CPU (Intel Xeon Gold 5218R) and GPU (NVIDIA V100) implementations. Our accelerator achieves latency speedups up to 79.6x vs. CPU and 18.2x vs. GPU, alongside energy-per-timestep reductions of up to 1722x vs. CPU and 59.3x vs. GPU. These results, including superior network depth scalability, highlight our approach's potential for high-performance, real-time, power-efficient LSTM-AE-based anomaly detection on FPGAs. △ Less","14 March, 2026",https://arxiv.org/pdf/2603.13982
"arXiv:2603.13903 [ pdf , ps , other ]","['Izhan Fakhruzi', 'Manuel Titos', 'Carmen Benítez', 'Luz García']","Effective urban traffic monitoring is essential for improving mobility, enhancing safety, and supporting sustainable cities. Distributed Acoustic Sensing (DAS) enables large-scale traffic observation by transforming existing fiber-optic infrastructure into dense arrays of vibration sensors. However, modeling the high-resolution spatio-temporal structure of DAS data for reliable traffic event recognition remains challenging. This study presents a real-world DAS-based traffic monitoring experiment conducted in Granada, Spain, where vehicles cross a fiber deployed perpendicular to the roadway. Recurrent neural networks (RNNs) are employed to model intra- and inter-event temporal dependencies. Spatial and temporal attention mechanisms are systematically integrated within the RNN architecture to analyze their impact on recognition performance, parameter efficiency, and interpretability. Results show that an appropriate and complementary placement of attention modules improves the balance between accuracy and model complexity. Attention heatmaps provide physically meaningful interpretations of classification decisions by highlighting informative spatial locations and temporal segments. Furthermore, the proposed SA-bi-TA configuration demonstrates spatial transferability, successfully recognizing traffic events at sensing locations different from those used during training, with only moderate performance degradation. These findings support the development of scalable and interpretable DAS-based traffic monitoring systems capable of operating under heterogeneous urban sensing conditions. △ Less","14 March, 2026",https://arxiv.org/pdf/2603.13903
"arXiv:2603.12303 [ pdf , ps , other ]","['Hikaru Wakaura', 'Taiki Tanimae']","We instantiate the quantum reservoir autoencoder (QRA) with a noise-induced reservoir employing reset noise channels and address two open problems: noise-resilient reversibility and blind decryption. For a single-ciphertext protocol with 10 data qubits and random (non-optimized) reset probabilities, the open-system reservoir suppresses shot-noise sensitivity by ten orders of magnitude, yielding mean-squared error (MSE) $\sim 10^{-14}$ compared with $\sim 10^{-3}$ without reset channels ($N_{\mathrm{shots}} = 1000$). A two-phase protocol trains per-position decoding weights from $M$ shared training plaintexts and decrypts previously unseen messages at MSE $\sim 10^{-4}$, with no statistically significant performance difference among ideal, shot-noise, and reset-plus-shot-noise conditions ($p > 0.05$, 16 seeds). Experiments at $N_q = 5$, 7, and 10 reveal a sharp phase transition at plaintext length $N_c \approx N_q(N_q{+}1)/2 + 8$, providing a design rule for the minimum qubit count. Two blind decoder variants that lack ground-truth targets -- a single-ciphertext cross-path iteration (MSE $\approx 0.3$) and a multi-sample regression variant (MSE $\approx 0.53$, worse than random) -- establish that shared training data is the irreducible requirement for blind decryption. A comparison with variational quantum circuit baselines shows that the fixed-reservoir analytic-readout architecture is dramatically more noise-robust: a quantum recurrent neural network protocol is completely destroyed under depolarizing noise, whereas the QRA remains invariant. △ Less","12 March, 2026",https://arxiv.org/pdf/2603.12303
"arXiv:2603.11547 [ pdf , ps , other ]","['Yuhao Zhang', 'Xiangru Xu']","Recurrent neural networks (RNNs) are widely employed to model complex dynamical systems due to their hidden-state structure, which inherently captures temporal dependencies. This work presents a hybrid zonotope-based approach for computing exact forward and backward reachable sets of closed-loop RNN systems with ReLU activation functions. The method formulates state-pair sets to compute reachable sets as hybrid zonotopes without requiring unrolling. To improve scalability, a tunable relaxation scheme is proposed that ranks unstable ReLU units across all layers using a triangle-area score and selectively applies convex relaxations within a fixed binary limit in the hybrid zonotopes. This scheme enables an explicit tradeoff between computational complexity and approximation accuracy, with exact reachability as a special case. In addition, a sufficient condition is derived to certify the safety of closed-loop RNN systems. Numerical examples demonstrate the effectiveness of the proposed approach. △ Less","12 March, 2026",https://arxiv.org/pdf/2603.11547
"arXiv:2603.10489 [ pdf , ps , other ]","['Anirudh Jamkhandi', 'Ali Korojy', 'Olivier Codol', 'Guillaume Lajoie', 'Matthew G. Perich']","Animal brains flexibly and efficiently achieve many behavioral tasks with a single neural network. A core goal in modern neuroscience is to map the mechanisms of the brain's flexibility onto the dynamics underlying neural populations. However, identifying task-specific dynamical rules from limited, noisy, and high-dimensional experimental neural recordings remains a major challenge, as experimental data often provide only partial access to brain states and dynamical mechanisms. While recurrent neural networks (RNNs) directly constrained neural data have been effective in inferring underlying dynamical mechanisms, they are typically limited to single-task domains and struggle to generalize across behavioral conditions. Here, we introduce JEDI, a hierarchical model that captures neural dynamics across tasks and contexts by learning a shared embedding space over RNN weights. This model recapitulates individual samples of neural dynamics while scaling to arbitrarily large and complex datasets, uncovering shared structure across conditions in a single, unified model. Using simulated RNN datasets, we demonstrate that JEDI accurately learns robust, generalizable, condition-specific embeddings. By reverse-engineering the weights learned by JEDI, we show that it recovers ground truth fixed point structures and unveils key features of the underlying neural dynamics in the eigenspectra. Finally, we apply JEDI to motor cortex recordings during monkey reaching to extract mechanistic insight into the neural dynamics of motor control. Our work shows that joint learning of contextual embeddings and recurrent weights provides scalable and generalizable inference of brain dynamics from recordings alone. △ Less","11 March, 2026",https://arxiv.org/pdf/2603.10489
"arXiv:2603.09187 [ pdf , ps , other ]","['Paul Magron', 'Romain Serizel', 'Constance Douwes']","Music source separation is the task of isolating the instrumental tracks from a music song. Despite its spectacular recent progress, the trend towards more complex architectures and training protocols exacerbates reproducibility issues. The band-split recurrent neural networks (BSRNN) model is promising in this regard, since it yields close to state-of-the-art results on public datasets, and requires reasonable resources for training. Unfortunately, it is not straightforward to reproduce since its full code is not available. In this paper, we attempt to replicate BSRNN as closely as possible to the original paper through extensive experiments, which allows us to conduct a critical reflection on this reproducibility issue. Our contributions are three-fold. First, this study yields several insights on the model design and training pipeline, which sheds light on potential future improvements. In particular, since we were unsuccessful in reproducing the original results, we explore additional variants that ultimately yield an optimized BSRNN model, whose performance largely improves that of the original. Second, we discuss reproducibility issues from both methodological and practical perspectives. We notably underline how substantial time and energy costs could have been saved upon availability of the full pipeline. Third, our code and pre-trained models are released publicly to foster reproducible research. We hope that this study will contribute to spread awareness on the importance of reproducible research in the music separation community, and help promoting more transparent and sustainable practices. △ Less","10 March, 2026",https://arxiv.org/pdf/2603.09187
"arXiv:2603.08600 [ pdf , ps , other ]","['Federico Giannini', ""Sandro D'Andrea"", 'Emanuele Della Valle']","Concept drift, temporal dependence, and catastrophic forgetting represent major challenges when learning from data streams. While Streaming Machine Learning and Continual Learning (CL) address these issues separately, recent efforts in Streaming Continual Learning (SCL) aim to unify them. In this work, we introduce MAGIC Net, a novel SCL approach that integrates CL-inspired architectural strategies with recurrent neural networks to tame temporal dependence. MAGIC Net continuously learns, looks back at past knowledge by applying learnable masks over frozen weights, and expands its architecture when necessary. It performs all operations online, ensuring inference availability at all times. Experiments on synthetic and real-world streams show that it improves adaptation to new concepts, limits memory usage, and mitigates forgetting. △ Less","9 March, 2026",https://arxiv.org/pdf/2603.08600
"arXiv:2603.08339 [ pdf , ps , other ]","['Sucheta Ghosh', 'Zahra Monfared']","Electrocardiogram (ECG) analysis is vital for detecting cardiac abnormalities, yet robust automated classification is challenging due to the complexity and variability of physiological signals. In this work, we investigate transformer-based ECG classification using features derived from the Koopman operator and wavelet transforms. Two tasks are studied: (1) binary classification (Normal vs. Non-normal), and (2) four-class classification (Normal, Atrial Fibrillation, Ventricular Arrhythmia, Block). We use Extended Dynamic Mode Decomposition (EDMD) to approximate the Koopman operator. Our results show that wavelet features excel in binary classification, while Koopman features, when paired with transformers, achieve superior performance in the four-class setting. A simple hybrid of Koopman and wavelet features does not improve accuracy. However, selecting an appropriate EDMD dictionary -- specifically a radial basis function dictionary with tuned parameters -- yields significant gains, surpassing the wavelet-only baseline and the hybrid wavelet-Koopman system. We also present a Koopman-based reconstruction analysis for interpretable insights into the learned dynamics and compare against a recurrent neural network baseline. Overall, our findings demonstrate the effectiveness of Koopman-based feature learning with transformers and highlight promising directions for integrating dynamical systems theory into time-series classification. △ Less","9 March, 2026",https://arxiv.org/pdf/2603.08339
"arXiv:2603.04525 [ pdf , ps , other ]","['Paul P. Hager', 'Fabian N. Harang', 'Luca Pelizzari', 'Samy Tindel']","Modern approaches for learning from non-Markovian time series, such as recurrent neural networks , neural controlled differential equations or transformers, typically rely on implicit memory mechanisms that can be difficult to interpret or to train over long horizons. We propose the Volterra signature $\mathrm{VSig}(x;K)$ as a principled, explicit feature representation for history-dependent systems. By developing the input path $x$ weighted by a temporal kernel $K$ into the tensor algebra, we leverage the associated Volterra--Chen identity to derive rigorous learning-theoretic guarantees. Specifically, we prove an injectivity statement (identifiability under augmentation) that leads to a universal approximation theorem on the infinite dimensional path space, which in certain cases is achieved by linear functionals of $\mathrm{VSig}(x;K)$. Moreover, we demonstrate applicability of the kernel trick by showing that the inner product associated with Volterra signatures admits a closed characterization via a two-parameter integral equation, enabling numerical methods from PDEs for computation. For a large class of exponential-type kernels, $\mathrm{VSig}(x;K)$ solves a linear state-space ODE in the tensor algebra. Combined with inherent invariance to time reparameterization, these results position the Volterra signature as a robust, computationally tractable feature map for data science. We demonstrate its efficacy in dynamic learning tasks on real and synthetic data, where it consistently improves classical path signature baselines. △ Less","4 March, 2026",https://arxiv.org/pdf/2603.04525
"arXiv:2603.03040 [ pdf , ps , other ]","['Federico Giannini', 'Giacomo Ziffer', 'Emanuele Della Valle']","Dealing with an unbounded data stream involves overcoming the assumption that data is identically distributed and independent. A data stream can, in fact, exhibit temporal dependencies (i.e., be a time series), and data can change distribution over time (concept drift). The two problems are deeply discussed, and existing solutions address them separately: a joint solution is absent. In addition, learning multiple concepts implies remembering the past (a.k.a. avoiding catastrophic forgetting in Neural Networks' terminology). This work proposes Continuous Progressive Neural Networks (cPNN), a solution that tames concept drifts, handles temporal dependencies, and bypasses catastrophic forgetting. cPNN is a continuous version of Progressive Neural Networks, a methodology for remembering old concepts and transferring past knowledge to fit the new concepts quickly. We base our method on Recurrent Neural Networks and exploit the Stochastic Gradient Descent applied to data streams with temporal dependencies. Results of an ablation study show a quick adaptation of cPNN to new concepts and robustness to drifts. △ Less","3 March, 2026",https://arxiv.org/pdf/2603.03040
"arXiv:2603.03017 [ pdf , ps , other ]","['Stefano De Carli', 'Davide Previtali', 'Mirko Mazzoleni', 'Fabio Previdi']","In this work, we address the need for efficient and formally stable Recurrent Neural Networks (RNNs) in environments with limited computational resources by analyzing the stability of the Minimal Gated Unit (MGU) network, a lightweight alternative to common gated RNNs used in system identification. We derive sufficient parametric conditions for the MGU network's input-to-state stability and incremental input-to-state stability properties. These conditions enable a-posteriori validation of model stability and form the basis for novel stability-promoting training methodologies, including a warm-start of the network's parameters and a projected gradient-based optimization scheme, both of which are presented in this work. Comparative evaluation, including robustness analysis and validation on synthetic and real-world data (i.e., the Silverbox benchmark), demonstrates that the minimal gated unit network successfully combines formal stability guarantees with superior parameter efficiency and faster inference times compared to other state-of-the-art recurrent neural networks , while maintaining comparable and satisfactory accuracy. Notably, the results attained on the Silverbox benchmark illustrate that the stable MGU network effectively captures the system dynamics, whereas other stable RNNs fail to converge to a reliable model. △ Less","3 March, 2026",https://arxiv.org/pdf/2603.03017
arXiv:2603.02461 [ pdf ],"['Michael B. Ryan', 'Letizia Ye', 'Anne K. Churchland']","Understanding how decision making changes across the lifespan is a central challenge for neuroscience, yet research on cognitive aging has remained largely disconnected from the theoretical and computational advances that now shape modern systems neuroscience. Over the past two decades, theoretical frameworks have transformed how we study cognition in young, healthy brains, providing principled tools to model latent decision states, neural dynamics, population codes, and interareal communication. In contrast, aging research has often relied on single metric behavioral readouts, cross sectional comparisons, and descriptive neural analyses, limiting our ability to explain fundamental differences in individual aging trajectories. This gap represents a missed opportunity because aging offers a powerful platform for testing theories of neural computation, stability, and flexibility under changing biological constraints. Here, we argue that closer integration between aging research and contemporary theoretical neuroscience can move the field beyond descriptive accounts toward more mechanistic explanations of decision making across the lifespan. To this end, we outline how recent advances in behavioral quantification, latent state modeling, dynamical systems, encoding models, representational geometry, and recurrent neural networks offer a rich theoretical toolkit for neuroscientists studying decision making across the lifespan. △ Less","2 March, 2026",https://arxiv.org/pdf/2603.02461
"arXiv:2603.02246 [ pdf , ps , other ]","['Marcin Pietroń', 'Szymon Piórkowski', 'Kamil Faber', 'Dominik Żurek', 'Michał Karwatowski', 'Jerzy Duda', 'Hubert Zieliński', 'Piotr Lipnicki', 'Mikołaj Leszczuk']","This article concerns comparative studies on the Automatic Speech Recognition (ASR) model incorporated with the Large Language Model (LLM) used for medical interviews. The proposed solution is tested on polish language benchmarks and dataset with medical interviews. The latest ASR technologies are based on convolutional neural networks (CNNs), recurrent neural networks (RNNs) and Transformers. Most of them work as end-to-end solutions. The presented approach in the case of the Whisper model shows a two-stage solution with End-To-End ASR and LLM working together in a pipeline. The ASR output is an input for LLM. The LLM is a component by which the output from ASR is corrected and improved. Comparative studies for automatic recognition of the Polish language between modern End-To-End deep learning architectures and the ASR hybrid model were performed. The medical interview tests were performed with two state-of-the-art ASR models: OpenAI Whisper incorporated with LLM and Scribe ElevenLabs. Additionally, the results were compared with five more end-to-end models (QuartzNet, FastConformer, Wav2Vec 2.0 XLSR and ESPnet Model Zoo) on Mozilla Common Voice and VoxPopuli databases. Tests were conducted for clean audio signal, signal with bandwidth limitation, and degraded. The tested models were evaluated on the basis of Word Error Rate (WER) and Character Error Rate (CER). The results show that the Whisper model performs by far the best among the open-source models. ElevenLabs Scribe model, on the other hand, performs best for Polish on both general benchmark and medical data. △ Less","25 February, 2026",https://arxiv.org/pdf/2603.02246
"arXiv:2603.02226 [ pdf , ps , other ]","['Bojian Yin', 'Shurong Wang', 'Haoyu Tan', 'Sander Bohte', 'Federico Corradi', 'Guoqi Li']","Real-world sequential signals, such as audio or video, contain critical information that is often embedded within long periods of silence or noise. While recurrent neural networks (RNNs) are designed to process such data efficiently, they often suffer from ``memory decay'' due to a rigid update schedule: they typically update their internal state at every time step, even when the input is static. This constant activity forces the model to overwrite its own memory and makes it hard for the learning signal to reach back to distant past events. Here we show that we can overcome this limitation using Selective-Update RNNs (suRNNs), a non-linear architecture that learns to preserve its memory when the input is redundant. By using a neuron-level binary switch that only opens for informative events, suRNNs decouple the recurrent updates from the raw sequence length. This mechanism allows the model to maintain an exact, unchanged memory of the past during low-information intervals, creating a direct path for gradients to flow across time. Our experiments on the Long Range Arena, WikiText, and other synthetic benchmarks show that suRNNs match or exceed the accuracy of much more complex models such as Transformers, while remaining significantly more efficient for long-term storage. By allowing each neuron to learn its own update timescale, our approach resolves the mismatch between how long a sequence is and how much information it actually contains. By providing a principled approach to managing temporal information density, this work establishes a new direction for achieving Transformer-level performance within the highly efficient framework of recurrent modeling. △ Less","11 February, 2026",https://arxiv.org/pdf/2603.02226
"arXiv:2603.01279 [ pdf , ps , other ]","['Owen Hutchinson', 'Katerina Kostova', 'Jian Wu', 'Yifei Guan']","Turbulent convection is ubiquitous in fluid systems. In particular, multi-physical convection problems involve mass, heat, and particle transfer. When the particles are charged and driven by a high-voltage electric field, both buoyancy and electric forces contribute to driving and maintaining the convection. In this work, we perform numerical analysis using a high-fidelity Fourier-Chebyshev spectral solver. We further derive the dynamical systems governing the kinetic energy, the enstrophy, the potential energy, and the electric energy analytically. Using the simulated data, we apply a long short-term memory recurrent neural network to predict the chaotic time series of domain-average energy terms. Finally, we perform a data-driven modal decomposition to show the coherent structures that contain energy and enstrophy in 2D turbulent convection. △ Less","1 March, 2026",https://arxiv.org/pdf/2603.01279
"arXiv:2603.00092 [ pdf , ps , other ]","['Petter Uvdal', 'Mohsen Mirkhalaf']","Accurate modeling of Short Fiber Reinforced Composites (SFRCs) remains computationally expensive for full-field simulations. Data-driven surrogate models using Artificial Neural Networks (ANNs) have been proposed as an efficient alternative to numerical modeling, where Recurrent Neural Networks (RNNs) are increasingly being used for path-dependent multiscale modeling by predicting the homogenized response of a Representative Volume Element (RVE). However, recently, transformer models have been developed and they offer scalability and efficient parallelization, yet have not been systematically compared with RNNs in this field. In this study, we perform a systematic comparison between RNNs and transformer models trained on sequences of homogenized response of SFRC RVEs. We study the effect on two types of hyperparameters, namely architectural hyperparameters (such as the number of GRU layers, hidden size, number of attention heads, and encoder blocks) and training hyperparameters (such as learning rate and batch size). Both sets of hyperparameters are tuned using Bayesian optimization. We then analyze scaling laws with respect to dataset size and inference accuracy in interpolation and extrapolation regimes. The results show that while transformer models remain competitive in terms of accuracy on large datasets, the RNNs demonstrate better accuracy on small datasets and show better extrapolation performance. Furthermore, under extrapolation, there is a clear difference, where the RNN remains accurate, while the transformer model performs poorly. On the other hand, the transformer model is 7 times faster at inference, requiring 0.5 ms per prediction compared to the 3.5 ms per prediction for the RNN model. △ Less","17 February, 2026",https://arxiv.org/pdf/2603.00092
"arXiv:2603.00067 [ pdf , ps , other ]",['Maitri Krishna Sai'],"Medical time-series data are characterized by irregular sampling, high noise levels, missing values, and strong inter-feature dependencies. Recurrent neural networks (RNNs), particularly gated architectures such as Long Short-Term Memory (LSTM) and Gated Recurrent Units (GRU), are widely used for modeling such data due to their ability to capture temporal dependencies. However, standard gated recurrent models do not explicitly constrain the evolution of latent representations over time, leading to representation drift and instability under noisy or incomplete inputs. In this work, we propose a representation-consistent gated recurrent framework (RC-GRF) that introduces a principled regularization strategy to enforce temporal consistency in hidden-state representations. The proposed framework is model-agnostic and can be integrated into existing gated recurrent architectures without modifying their internal gating mechanisms. We provide a theoretical analysis demonstrating how the consistency constraint bounds hidden-state divergence and improves stability. Extensive experiments on medical time-series classification benchmarks show that the proposed approach improves robustness, reduces variance, and enhances generalization performance, particularly in noisy and low-sample settings. △ Less","10 February, 2026",https://arxiv.org/pdf/2603.00067
"arXiv:2602.24254 [ pdf , ps , other ]","['Kriti Thakur', 'Alivelu Manga Parimi', 'Mayukha Pal']","Accurate fault detection and localization in electrical distribution systems is crucial, especially with the increasing integration of distributed energy resources (DERs), which inject greater variability and complexity into grid operations. In this study, FaultXformer is proposed, a Transformer encoder-based architecture developed for automatic fault analysis using real-time current data obtained from phasor measurement unit (PMU). The approach utilizes time-series current data to initially extract rich temporal information in stage 1, which is crucial for identifying the fault type and precisely determining its location across multiple nodes. In Stage 2, these extracted features are processed to differentiate among distinct fault types and identify the respective fault location within the distribution system. Thus, this dual-stage transformer encoder pipeline enables high-fidelity representation learning, considerably boosting the performance of the work. The model was validated on a dataset generated from the IEEE 13-node test feeder, simulated with 20 separate fault locations and several DER integration scenarios, utilizing current measurements from four strategically located PMUs. To demonstrate robust performance evaluation, stratified 10-fold cross-validation is performed. FaultXformer achieved average accuracies of 98.76% in fault type classification and 98.92% in fault location identification across cross-validation, consistently surpassing conventional deep learning baselines convolutional neural network (CNN), recurrent neural network (RNN). long short-term memory (LSTM) by 1.70%, 34.95%, and 2.04% in classification accuracy and by 10.82%, 40.89%, and 6.27% in location accuracy, respectively. These results demonstrate the efficacy of the proposed model with significant DER penetration. △ Less","27 February, 2026",https://arxiv.org/pdf/2602.24254
"arXiv:2602.22902 [ pdf , ps , other ]","['Alice Balboni', 'Luis Escobar', 'Andrea Manno', 'Fabrizio Rossi', 'Maria Cristina Ruffa', 'Gianluca Villa', ""Giordano D'Aloisio"", 'Antonio Consolo']","This study investigates a data-driven machine learning approach to predict membrane fouling in critically ill patients undergoing Continuous Renal Replacement Therapy (CRRT). Using time-series data from an ICU, 16 clinically selected features were identified to train predictive models. To ensure interpretability and enable reliable counterfactual analysis, the researchers adopted a tabular data approach rather than modeling temporal dependencies directly. Given the imbalance between fouling and non-fouling cases, the ADASYN oversampling technique was applied to improve minority class representation. Random Forest, XGBoost, and LightGBM models were tested, achieving balanced performance with 77.6% sensitivity and 96.3% specificity at a 10% rebalancing rate. Results remained robust across different forecasting horizons. Notably, the tabular approach outperformed LSTM recurrent neural networks , suggesting that explicit temporal modeling was not necessary for strong predictive performance. Feature selection further reduced the model to five key variables, improving simplicity and interpretability with minimal loss of accuracy. A Shapley value-based counterfactual analysis was applied to the best-performing model, successfully identifying minimal input changes capable of reversing fouling predictions. Overall, the findings support the viability of interpretable machine learning models for predicting membrane fouling during CRRT. The integration of prediction and counterfactual analysis offers practical clinical value, potentially guiding therapeutic adjustments to reduce fouling risk and improve patient management. △ Less","26 February, 2026",https://arxiv.org/pdf/2602.22902
"arXiv:2602.22522 [ pdf , ps , other ]","['An-Ci Peng', 'Kuan-Tang Huang', 'Tien-Hong Lo', 'Hung-Shin Lee', 'Hsin-Min Wang', 'Berlin Chen']","Taiwanese Hakka is a low-resource, endangered language that poses significant challenges for automatic speech recognition (ASR), including high dialectal variability and the presence of two distinct writing systems (Hanzi and Pinyin). Traditional ASR models often encounter difficulties in this context, as they tend to conflate essential linguistic content with dialect-specific variations across both phonological and lexical dimensions. To address these challenges, we propose a unified framework grounded in the Recurrent Neural Network Transducers (RNN-T). Central to our approach is the introduction of dialect-aware modeling strategies designed to disentangle dialectal ""style"" from linguistic ""content"", which enhances the model's capacity to learn robust and generalized representations. Additionally, the framework employs parameter-efficient prediction networks to concurrently model ASR (Hanzi and Pinyin). We demonstrate that these tasks create a powerful synergy, wherein the cross-script objective serves as a mutual regularizer to improve the primary ASR tasks. Experiments conducted on the HAT corpus reveal that our model achieves 57.00% and 40.41% relative error rate reduction on Hanzi and Pinyin ASR, respectively. To our knowledge, this is the first systematic investigation into the impact of Hakka dialectal variations on ASR and the first single model capable of jointly addressing these tasks. △ Less","25 February, 2026",https://arxiv.org/pdf/2602.22522
"arXiv:2602.21454 [ pdf , ps , other ]","['Alexander Morgan', 'Ummay Sumaya Khan', 'Lingjia Liu', 'Lizhong Zheng']","Recurrent neural networks (RNNs) can be interpreted as discrete-time state-space models, where the state evolution corresponds to an infinite-impulse-response (IIR) filtering operation governed by both feedforward weights and recurrent poles. While, in principle, all parameters including pole locations can be optimized via backpropagation through time (BPTT), such joint learning incurs substantial computational overhead and is often impractical for applications with limited training data. Echo state networks (ESNs) mitigate this limitation by fixing the recurrent dynamics and training only a linear readout, enabling efficient and stable online adaptation. In this work, we analytically and empirically examine why learning recurrent poles does not provide tangible benefits in data-constrained, real-time learning scenarios. Our analysis shows that pole learning renders the weight optimization problem highly non-convex, requiring significantly more training samples and iterations for gradient-based methods to converge to meaningful solutions. Empirically, we observe that for complex-valued data, gradient descent frequently exhibits prolonged plateaus, and advanced optimizers offer limited improvement. In contrast, fixed-pole architectures induce stable and well-conditioned state representations even with limited training data. Numerical results demonstrate that fixed-pole networks achieve superior performance with lower training complexity, making them more suitable for online real-time tasks. △ Less","24 February, 2026",https://arxiv.org/pdf/2602.21454
"arXiv:2602.20496 [ pdf , ps , other ]","['Jintu Zheng', 'Qizhe Liu', 'HuangXin Xu', 'Zhuojie Chen']","While iterative stereo matching achieves high accuracy, its dependence on Recurrent Neural Networks (RNN) hinders edge deployment, a challenge underexplored in existing researches. We analyze iterative refinement and reveal that disparity updates are spatially sparse and temporally redundant. First, we introduce a progressive iteration pruning strategy that suppresses redundant update steps, effectively collapsing the recursive computation into a near-single-pass inference. Second, we propose a collaborative monocular prior transfer framework that implicitly embeds depth priors without requiring a dedicated monocular encoder, thereby eliminating its associated computational burden. Third, we develop FlashGRU, a hardware-aware RNN operator leveraging structured sparsity and I/O-conscious design, achieving a 7.28$\times$ speedup, 76.6\% memory peak reduction and 80.9\% global memory requests reduction over natvie ConvGRUs under 2K resolution. Our PipStereo enables real-time, high-fidelity stereo matching on edge hardware: it processes 320$\times$640 frames in just 75ms on an NVIDIA Jetson Orin NX (FP16) and 19ms on RTX 4090, matching the accuracy of large iterative based models, and our generalization ability and accuracy far exceeds that of existing real-time methods. Our embedded AI projects will be updated at: https://github.com/XPENG-Aridge-AI. △ Less","23 February, 2026",https://arxiv.org/pdf/2602.20496
"arXiv:2602.20041 [ pdf , ps , other ]","['Ghadah Alosaimi', 'Maha Alsayyari', 'Yixin Sun', 'Stamos Katsigiannis', 'Amir Atapour-Abarghouei', 'Toby P. Breckon']","Brain-computer interfaces (BCIs) provide a hands-free control modality for mobile robotics, yet decoding user intent during real-world navigation remains challenging. This work presents a brain-robot control framework for offline decoding of driving commands during robotic rover operation. A 4WD Rover Pro platform was remotely operated by 12 participants who navigated a predefined route using a joystick, executing the commands forward, reverse, left, right, and stop. Electroencephalogram (EEG) signals were recorded with a 16-channel OpenBCI cap and aligned with motor actions at Delta = 0 ms and future prediction horizons (Delta > 0 ms). After preprocessing, several deep learning models were benchmarked, including convolutional neural networks, recurrent neural networks , and Transformer architectures. ShallowConvNet achieved the highest performance for both action prediction and intent prediction. By combining real-world robotic control with multi-horizon EEG intention decoding, this study introduces a reproducible benchmark and reveals key design insights for predictive deep learning-based BCI systems. △ Less","23 February, 2026",https://arxiv.org/pdf/2602.20041
